shortcode,date_time,handles,hashtags,department,is_testimony,year,center_raw,message,center_id,center_identifiable
CL9NxollIjY,2021-03-03_12-24-51_UTC,,#StopExpressionAbdominale,92,True,2017,"Hôpital Foch, Suresnes (92)",""" une femme sortie de nulle part monte sur le lit au dessus de moi et appuie sur mon ventre. """,,True
CMjgwnSlujR,2021-03-18_09-21-53_UTC,,#StopExpressionAbdominale,31,True,2017,"Hôpital Privé Joseph-ducuing, Toulouse (31) Fehap","""je leur dis que je me sens mal et que je me sens partir, mais elles continuent !”",,True
CM4HEpbFi1g,2021-03-26_09-21-28_UTC,@region_grand_est_ @france3alsace,#StopAccouchementMasqué,67,True,2020,"Clinique Saint-anne, Strasbourg (67)","""entre larmes, pleurs de joie, transpiration, tout cela était présent dans mon masque que je n'ai pas changé depuis mon arrivée.""",,True
CN_9nuTlBBz,2021-04-23_07-04-12_UTC,,#StopExpressionAbdominale,67,True,2020,"Clinique Privée Sainte-anne, Groupe Hospitalier Saint-vincent Strasbourg (67)",""" elle à commencé à m'appuyer sur le ventre de toutes ses forces, j'avais tellement mal, je me sentais partir.""",,False
CM_k6FglkSk,2021-03-29_06-56-51_UTC,,#StopCésarienneaVif,93,True,2020,"Chu Ap-hp Jean-verdier, Bondy (93)","""la gynécologue m'ouvre le ventre. Je hurle. Je leur demande d'arrêter, je sens tout. Je crie qu'on est en train de m'arracher la vessie.""",,True
CMywxnOovr0,2021-03-24_07-30-26_UTC,@nice_matin @laprovence,#StopVOG,6,True,2020,Antibes (06),""" elle enfonce le spéculum sans aucune précaution ! """,,False
CNCHBwJlanE,2021-03-30_06-33-29_UTC,,#StopVOG,-1,True,2021,"Cabinet Gynécologique, Paris 6ème","""un examen accompagné de ""putain"", ""j'y arrive pas"", ""vous êtes vachement profonde"", ""c'est impossible"", ""votre partenaire doit bien être membré pour vous faire jouir"", ""c'est pas possible d'être aussi problématique"" et j'en passe...""",,False
CNE7L1XFYrf,2021-03-31_08-47-43_UTC,,#StopCésarienneaVif,69,True,2018,"Hôpital Public, Croix Rousse, Lyon (69)","” au moment de m'ouvrir, on s'aperçoit que l'anesthésie n'a pas marché. Je hurle !""",,False
CNMbP_4FcwW,2021-04-03_06-42-36_UTC,"@cnsf_sagefemme @cngof_org, @fondationdesfemmes @iledefrance @prefet78",#StopAccouchementMasqué,78,True,2020,"Hôpital Mignot, Centre Hopsitalier De Versailles, Yvelines (78)","""je continue à pousser mais à un moment je sentais ma tête qui tournait et je n'avais plus de souffle, je descends mon masque et là elle m'engueule et me dit de le remettre.""",,False
CNUMJ4gltN-,2021-04-06_07-04-37_UTC,,#StopCésarienneaVif,92,True,2020,"Hôpital Privé Foch, Fondation Foch, Suresnes (92)","“ j'ai senti qu'on plongeait dans mon ventre, qu'on fouillait dedans, j'étais secouée dans tous les sens. Le pire moment, c'est quand ils l'ont sorti. J'ai cru qu'on allait m'arracher les entrailles.",,False
CNb7gbxle_L,2021-04-09_07-13-04_UTC,,#StopAccouchementMasqué,44,True,2021,"Clinique Jules Verne ""la Maison De La Naissance"" - Groupe Privé Hgo Et Vyv Nantes (44)",""" le port du masque est obligatoire même si la femme n'arrive plus à respirer. """,,False
CNjq4jIFyel,2021-04-12_07-21-44_UTC,,#StopCésarienneaVif,62,True,2020,"Centre Hospitalier Béthune Beuvry, Beuvry (62)","“ au moment de l'ouverture, je leur précise que je sens tout, ils tirent sur le bébé pour le sortir, je hurle de douleur. """,,False
CNt-O2gFOc-,2021-04-16_07-23-13_UTC,"@ramsaysante, @ramsaysante",#StopAccouchementMasqué,59,True,2020,Hôpital Privé De Villeneuve D'asco (59) Groupe Ramsay Santé,""" absurdité totale : le masque est obligatoire pour l'accouchement mais pas dans la chambre en presence du personnel soignant""",,False
CNwzZKkFf7N,2021-04-17_09-46-13_UTC,,#StopVOG,-1,True,2019,"Clinique Jeanne D'arc, Groupe Prive Clinifutur, Île De La Réunion (974)","“le gynécologue a oublié un paquet de compresses gros comme mon poing dans mon utérus, expulsé naturellement 24h plus tard. S'en est suivie une hémorragie, une transfusion, une infection, deux opérations. """,,False
CN1rhiVFZ5J,2021-04-19_07-13-40_UTC,@villedesaintcloud @cngof_org @mater.beaujon @villedeclichy,#StopAccouchementMasqué,92,True,2021,"Centre Hospitalier Les Quatre Villes, Saint Cloud Vers Hôpital Beaujon Ap-hp, Clichy (92)","""ilne faut pas hésiter à changer de maternité si on veut nous imposer le masque à l'accouchement.""",,False
CN4OOguFPYH,2021-04-20_06-55-23_UTC,,#StopVOG,89,True,2020,La Roche Sur Yon (89),« j'ai profité que vous soyez endormie et je vous ai fait un examen approfondi avec un toucher rectal »,,False
COKNudZFFKn,2021-04-27_06-37-20_UTC,,#StopVOG,69,True,2021,Cabinet Gynécologique Lyon (69),"""elle me demande si j'ai eu mal pendant l'examen. Au moment où je lui dis oui, elle me répond : ""mais pas assez pour qu'on arrête"". Plusieurs heures après, je sentais encore ses doigts en moi.""",,False
CMbsAQDFkzD,2021-03-15_08-26-12_UTC,,#StopExpressionAbdominale,13,True,2020,"Hôpital Privé Saint-joseph, Marseille (13)","""j'ai tellement mal que je n'arrive plus à pousser [l..] j'ai l'impression qu'elle m'explose les côtes, et qu'elle va broyer tous mes organes.""",,True
COR8670lSQ-,2021-04-30_06-44-25_UTC,,#FausseCouche,30,True,2020,"Gynécologue D'alès Et Clinique Privée Bonnefon, Groupe Elsan, Gard (30)",“trois gynécologues se sont occupés de moi c...) résultats des courses ça se nécrosait à l'intérieur et j'ai échappé de peu à une septicémie où un choc toxique.”,,False
COhfvzQF4GZ,2021-05-06_07-37-20_UTC,@villedemons @province_de_hainaut @groupejolimont @walloniebe @rtbf @rtbfinfo @lalibre.be,#StopCésarienneàVif,-1,True,2018,"Chr St Joseph, Groupe Privé Jolimont, Mons, Belgique",""" l'anesthésiste m'a alors infligé volontairement une douleur physique, en disant : ""ca, ça fait mal madame ! vous ressentez la même chose au niveau du ventre ?"" j'ai répondu oui, mais on m'a tout de même ouverte.""",,False
COm6HleF1Tb,2021-05-08_10-03-58_UTC,@groupe.ahnac,#StopAccouchementMasqué,62,True,2021,"Polyclinique De La Clarence, Groupe Ahnac À Divion (62)","""elle me répond naturellement que les femmes accouchent avec un masque et pour celles qui le souhaiïtent, il y à une visière.""",,False
COubUgllbxd,2021-05-11_08-08-47_UTC,,#StopVOG,44,True,2018,"Urgences Gynécologiques, Nantes (44)","""une gaze dans le vagin, une pipette de bétadine classique dans le rectum, ce qui me provoque des brûlures internes abominables! """,,False
CO2T6H1F847,2021-05-14_09-37-56_UTC,,#StopAccouchementMasqué,75,True,2020,"Maternité Catholique Sainte Félicité, Paris I5ème (75)","""l'oxygène manquait et cela a eu un impact sur la saturation du bébé qui tardait à sortir. Je suis passée à deux doigts de la césarienne.",,False
CPAg9aHlS5t,2021-05-18_08-44-23_UTC,,#AccouchementÀDomicile,74,True,2020,Haute-savoie (74),""" tout a été merveilleux et nous n'envisagerions plus une naissance différemment aujourd'hui.",,False
CPDOIu8lj7t,2021-05-19_09-57-38_UTC,@cgtchrunancy @collages_feministes_nancy @nous_toutes_grand_est @region_grand_est_,#StopVOG,54,True,2016,Maternité Régionale Universitaire - Chru De Nancy (54),"""on a failli me tuer le jour de mon accouchement.""",,False
CPFp8bOlrjG,2021-05-20_08-39-06_UTC,@mdncalm,#AccouchementRespecté,75,True,2020,"Maison De Naissance Calm, Paris Xii (75)",""" j'ai aidé moi-même la sortie du bébé, sans que la sage- femme intervienne. C'était totalement incroyable !""",,False
CPIM8igFdAY,2021-05-21_08-23-26_UTC,,#StopVOG,67,True,2021,"Cabinet Gynécologique, Strasbourg (67)","""il ne dit rien, y va très fort. Je lui dis plusieurs fois qu'il me fait très mal : aucune réponse.""",,False
CPLIDJTFK4X,2021-05-22_11-38-22_UTC,,#AccouchementRespecté,59,True,2020,Centre Hospitalier Gustave Dron Tourcoing (59),""" tout s'est tellement fait naturellement, comme un poisson dans l'eau. Tout était parfait. """,,False
CPSlBs6lrcv,2021-05-25_09-06-15_UTC,,#StopVOG,75,True,2019,"Ap-hp Armand Trousseau, Paris (75)","""""au fait je vous ai fait une épisiotomie madame"" ""mais non c'est pas parce que c'est long que c'est grave"". Au bout de 6 mois... Diagnostique : cicatrice infectée et étirement des nerfs !""",,False
CPVQDiFlrTQ,2021-05-26_10-00-44_UTC,@ghrmsa @ghrmsa @mulhouse.officiel @collages_feministes_68 @prefet68 @noustoutes68 @planningfamilial68 @region_grand_est_ @corneille.marie @lalsacefr,#StopAccouchementMasqué,68,True,2021,"Hôpital Public Femme-mère-enfant, Mulhouse (68)",""" les sages-femmes de la maternité ont validé mon projet de naissance mais me disent que beaucoup de leurs collègues imposent le masque lors de l'accouchement.""",,False
CPXrqOAF_ju,2021-05-27_08-40-25_UTC,,#StopVOG,35,True,2021,"Cabinet Gynécologique, Rennes (35)","""je me sens violée. Je sors de la salle en pleurs. Cerise sur le gâteau, elle nie mon endométriose alors que j'ai des radios qui le prouvent. """,,False
CPkfX1SFL1v,2021-06-01_08-03-11_UTC,,#StopExpressionAbdominale,82,True,2017,"Et 2020, Maternité De La Clinique Privée Croix St Michel Du Dr Boyé, Montauban (82)","""il m'a fait hyper mal en posant la péridurale, me disant que je n'avais qu'à pas la prendre si je n'étais pas contente.""",,False
CP0FzozFDwk,2021-06-07_09-27-38_UTC,,#StopExpressionAbdominale,54,True,2018,"Polyclinique Majorelle - Groupe Privé Elsan, Nancy (54)","""la sage-femme appuie sur mon ventre, de toutes ses forces, avec ses mains puis ses avant- bras. Debout sur un tabouret, elle me monte presque entièrement dessus.""",,False
CP2iP6kluSL,2021-06-08_08-14-38_UTC,,#StopV0G,83,True,2021,"Centre Hospitalier De La Dracénie, Draguignan (83)","""je réalise à peine qu'il s'agit d'une écho interne, que la sonde me pénètre. J'ai l'impression d'être une vache qu'on insémine.""",,False
CQQOvgWF3kT,2021-06-18_07-44-27_UTC,@olivierveran @adrien_taquet,#StopVOG,69,True,2020,Centre Hospitalier De Sainte-foy-lès-lyon (69),"""mon accouchement a comme un arrière goût de viol. Quatre mois à saigner tous les jours suite à cet accouchement aux allures de boucherie.""",,False
CQYEHYFFUNu,2021-06-21_08-45-30_UTC,,#StopVOG,75,True,2018,Ap-hp Hôpital Cochin Paris (75),"""je me suis rarement sentie aussi humiliée de ma vie. Je me suis sentie sale.""",,False
CQc3n_OFfyF,2021-06-23_05-32-34_UTC,,#StopVOG,77,True,2021,"Centre Hospitalier Du Sud Seine Et Marne, Site De Fontainebleau (77)","""l'interne en gynécologie m'a fait le point du mari. Nous sommes dégoûtés.""",,False
CQfzQZUlKpT,2021-06-24_08-52-07_UTC,,#StopVOG,69,True,2020,Hôpital Femme Mère Enfant - Hcl Lyon (69),"""j'ai dù faire une ivg. Le gynecologue a été affreux. Il m'a fait porter toute la responsabilité.”",,False
CQiVaEYFaVU,2021-06-25_08-29-01_UTC,,#StopEpisiotomie,94,True,2021,"Pôle Femme Enfant, Maternité De Saint-maurice, Val De Marne (94)","""je pousse puis j'entends les coups de ciseaux. Je hurle ! je suis en colère, en larmes, je comprends ce qu'il vient de se passer... »",,False
CUHmonVsCbb,2021-09-22_09-25-38_UTC,@hopitauxdeparis @maternite_tenon @noustoutesorg @onarretetoutes @osez_le_feminisme @annehidalgo @alice.coffin @iledefrance @audreypulvar @superendogirl @fionalazaar,#StopOmerta,75,True,2021,"Hopital Tenon, Paris 20e (75)","Arrive le toucher rectal, fait brusquement, sans prévenir. La patiente avait pourtant dit non!",4.0,False
CQqHaAMl3Er,2021-06-28_09-00-36_UTC,@maternitecliniquedelyvette,#StopVOG,91,True,2020,"Clinique De L'yvette - Groupe Privé Almaviva, Longjumeau (91)","""en sortant j'étais choquée. J'ai vécu cet examen comme un viol.""",,False
CQu7rmWF0GS,2021-06-30_05-54-21_UTC,@toulousefr @aufeminin @hautegaronne @collages_feministes_toulouse @laregionoccitanie @carole_delga @france3occitanie @jlmoudenc @pradieoccitanie,#StopVOG,31,True,2009,Toulouse (31),"“oh mademoiselle, c'est bon... Si vous êtes là, c'est que vous en avez vu d'autres.""",,False
CQ-dhRUlbkR,2021-07-06_06-38-38_UTC,,#StopVOG,51,True,2021,Centre Hospitalier De Châlons-en-champagne (51),"""j'ai subi une césarienne contre mon gré ! je l'ai vécue comme un viol.",,False
CRQ6kDUlNMA,2021-07-13_10-38-45_UTC,,#StopCésarienneaVif,74,True,2021,"Ch Annecy Genevois, Épagny Metz-tessy (74)","""on me désinfecte le ventre, je sens le scalpel. Le gynéco commence à écarter et là je hurle de douleur !""",,False
CRikcgPFKII,2021-07-20_07-11-49_UTC,,#StopVOG,69,True,2020,"Hôpital Privé Natécia, Lyon (69)","""il insère ses doigts dans mon vagin sans me demander mon accord préalable. Je sens qu'il va au-delà de mon col. Il semble chercher et ne retire pas ses doigts malgré mes cris de douleur.""",,False
CRqGIe-FyzK,2021-07-23_05-20-52_UTC,@olivierveran @justice_gouv,#StopCésarienneaVif,74,True,2018,"Ch Annecy Genevois, Epagny Metz-tessy (74)","""cette césarienne n'était pas ""un peu sportive"" mais d'une violence inouïe. Aujourd'hui diplômée, je le dis : c'est la pire scène de violence obstétricale à laquelle j'ai assisté pendant mes 4 ans d'études.""",,False
CR3exwGFmfL,2021-07-28_10-06-20_UTC,@chuamiens,#StopVOG,80,True,2020,Chu Amiens-picardie (80),"""la praticienne m'a littéralement tapé la vulve à plusieurs reprises en s'excusant autant de fois pour un spéculum mal placé""",,False
CYZC320sMuu,2022-01-06_14-05-03_UTC,,#StopCésarienneàVif,67,True,2020,"Chu Hautepierre, Strasbourg (67)","J'ai tellement mal que je pleure. En hurlant, je supplie d'arrêter. J'ai l'impression d'être éventrée et je ressens des coups de rasoir qui ne s'arrêtent pas.",,False
CYqfs_XsrId,2022-01-13_08-44-03_UTC,@hopitauxdeparis @hopcochinportroyal @hirsch_martin @annehidalgo @collages_feminicides_paris @iledefrance @mairie14paris,#StopVOG,75,True,2019,"Maternite De Port Royal, Aphp, Paris (75)","""l'entrée du vagin reste trop serrée. Les rapports sont impossibles. Faire mes lacets de chaussures me donne envie de vomir. La douleur est insupportable. Ma vie à été détruite par une couture à vif de 9 mm de trop.""",,False
CT18pgwsQAL,2021-09-15_12-51-40_UTC,@hopitauxdeparis,#StopOmerta,75,True,2020,"Hopital Tenon, Paris 26e (75)","Ce même type s'amuse avec les bougies anales dans les patientes endormies pour leur opération du cancer de l'ovaire avancé, en exclamant que certaines n'ont pas l'habitude de se faire sodomiser.",4.0,False
CbuYQdTLLN6,2022-03-30_10-30-08_UTC,@lunapodcast @annandiaye19 @judith_aquien @mespresquesriens @lemondefr @hopitauxdeparis @oliververan @albanegaillot @valerie_petit_deputee @paula.forteza @laurencecohen94 @lau.rossignol @doulasdefrance,#FausseCoucheVraiVécu,27,True,2020,"Centre Hospitalier De Gisors - Pôle Sanitaire Du Vexin, Eure (27)","""merci au revoir, rentrez chez vous et prenez du spasfon. """,,False
CbwvXC2MSxe,2022-03-31_08-30-30_UTC,@mespresquesriens @judith_aquien,#FausseCoucheVraiVécu,34,True,2020,"Chru Lapeyronie / Arnaud De Villeneuve, Montpellier (34)",Je hurle. La chirurgienne demande en criant pourquoi je ne suis pas anesthésiée. L'anesthésiste avait oublié.,,False
Cb2DNbAt6D_,2022-04-02_10-00-09_UTC,@lunapodcast @annandiaye19 @judith_aquien @mespresquesriens @lemondefr @hopitauxdeparis @olivierveran @albanegaillot @valerie_petit_deputee @paula.forteza @laurencecohen94 @lau.rossignol @doulasdefrance,#FausseCoucheVraiVécu,31,True,2021,Toulouse (31),"En m'amenant au bloc, le brancardier qui me transporte me dit « alors prête pour la boucherie ? »",,False
Cb4oA07IGDD,2022-04-03_10-00-13_UTC,@lunapodcast @annandiaye19 @judith_aquien @mespresquesriens @lemondefr @hopitauxdeparis @olivierveran @albanegaillot @valerie_petit_deputee @paula.forteza @laurencecohen94 @lau.rossignol @doulasdefrance,#FausseCoucheVraiVécu,29,True,2019,Centre Hospitalier Régional Et Universitaire De Brest (29),"Elle passe en écho vaginale et me dit : ""il n'y à pas de cœur.",,False
CcU-dpytDWi,2022-04-14_10-15-08_UTC,@onssf_syndicat @doulasdefrance @gynandco_feministe @plateforme.naissance.respectee @collectifcompas @cnsf_sagefemme,#StopOmerta,66,True,2022,Une Maternité Du Sud-ouest (66),La gynéco de garde m'a encore demandé de faire une expression abdominale. J'ai essayé d'en parler avec elle. Je voulais lui dire non mais je n'ai pas pu @ ça me ronge. J'ai la sensation d'être complice.,,False
CcnBviVNmk_,2022-04-21_10-30-07_UTC,@hopital_bicetre @hopitauxdeparis @cngof_org @fablabbicetre @albanegaillot @isasantiago94 @laurencecohen94 @jeanluclaurentkb @leparisien @aufeminin @gynandco_feministe @cliniquejuridiquesorbonne @sante.gouv @santepubliquefrance,#StopV0G,94,True,2018,Aphp Kremlin Bicêtre (94),"Sans me prévenir, il prend la sonde vaginale. Je lui dis que je ne veux pas avoir ça car je suis vierge. Il crie en me disant ""dans ce cas, je ne vais pas vous ausculter"".",,False
Cc0OR8WMGoZ,2022-04-26_13-29-48_UTC,@kali_magazine @ramsaysante @ngoinard @segoa @konbini @aude_lorriaux @aufeminin @ellefr @50_50_magazine @camille.froidevauxmetterie @cmllgrng @essure_problems @essurecompensation @mouniaelkotni @allo.docteurs @lesmaternelles @margauxstve @m_magazine @virginie.herz @mdadhmr @nous_voila_bien @sophieauvigne @celinemoncel @martin_winckler @monachollet @actup_paris @muriel.salmona @mathildepanot @clementineautain @laurencecohen94 @julienborowczyk42,#StopV0G,74,True,2008,"Clinique Des Savoies - Groupe Privé Ramsay Santé, Annemasse (74)",« prisonnière dans le corps d'une femme de 80 ans »,,False
Cc2Tp3HsiSr,2022-04-27_08-55-14_UTC,@kali_magazine @loireatlantique @telenantes @EssureProblems @Essureconcerns @olivierveran @ouestfrance.nantes @konbini @aufeminin @ellefr @50_50_magazine @essure_problems @essurecompensation @allo.docteurs @lesmaternelles @margauxstve @m_magazine @nous_voila_bien @actup_paris,#StopVOG,44,True,2012,Un Hôpital De Loire Atlantique (44),« mon médecin m'a traitée de simulatrice »,,False
Cc5BlxBoMy3,2022-04-28_10-15-07_UTC,@victimdmi @kali_magazine @aufeminin @ellefr @5050mag @essure_lawsuit @m_magazine @mdadhmr @melaniegomeze1,#StopVOG,11,True,2011,Ch De Narbonne (11),Une impression de « mort lente »,,False
Cc7mYUsNpwq,2022-04-29_10-15-04_UTC,@victimdmi @kali_magazine @aufeminin @ellefr @5050mag @essure_lawsuit @m_magazine @mdadhmr @melaniegomeze1,#StopVOG,62,True,2012,Un Hôpital Du Nord Pas De Calais (62),L'explantation : le jour après la nuit,,False
CdIciCsoiEh,2022-05-04_09-59-08_UTC,@arspaca @planningfamilial06 @corpsgros @corpscools @stopgrossophobie @emeline.lecouffe @m.your_body @latranchemontagne @gabrielle_deydier @barbarabutch @ely_killeuse @elyanec_ @pausitiveworld @adipositivity,#StopGrossophobie,6,True,2019,"Cabinet Privé, Le Cannet (06)","""vous êtes trop grosse ! maigrissez d'abord et vous verrez !"" je ne suis plus jamais allée voir un médecin homme.",,False
Cd5aCBgo1OE,2022-05-23_10-20-05_UTC,@ramsaysante @lau.rossignol @santepubliquefrance @iledefrance @noustoutesorg @cngof_org @cnsf_sagefemme @ordre_sages_femmes @gouvernementfr @brigitte_bourguignon @damien_abad @justice_gouv @villagejustice @brutofficiel @charlie_hebdo_officiel,#StopVOG #StopOmerta,92,True,2020,"Hopital Prive D'antony, Ramsay Santé, Antony (92)","Il n'a pas voulu entendre que je souffrais et m'a enfoncé l'appareil d'échographie dans le vagin violemment, ce qui m'a provoqué une douleur extrême.",1.0,False
Cd7ut8SoWmu,2022-05-24_07-59-19_UTC,@ramsaysante @brigitte_bourguignon @damien_abad @justice_gouv @cngof_org @cnsf_sagefemme @ordre_sages_femmes @gouvernementfr @santepubliquefrance @iledefrance @lau.rossignol @paula.forteza @sandragloria @rokhayadiallo @omarsyofficial @edouard_montoute @leparisien @noustoutesorg @charlie_hebdo_officiel,#FausseCoucheVraiVécu #StopRacisme,92,True,2021,"Hopital Prive D'antony, Ramsay Santé, Antony (92)","La dame était dans un fauteuil roulant et avait l'air mal, visiblement en train de faire une fausse couche. Le docteur lui dit :""lève-toi! tu marcheras."" et il ajoute : ""en france, il faut parler francais"". Son mari essayait de traduire.",1.0,False
CeBDx2GM9VM,2022-05-26_09-39-33_UTC,@brutofficiel @konbini @charlie_hebdo_officiel @leparisien @noustoutesorg @santepubliquefrance @justice_gouv @danielle.simonnetfi @paula.forteza @lemondefr @cngof_org @cnsf_sagefemme @clementineautain @ordre_sages_femmes @franceinter @franceinfo @sophia.aram,#StopVOG #PointDuMari,92,True,2021,"Hopital Prive D'antony, Ramsay Santé, Antony (92)","J'ai une micro-déchirure qui, selon la sage-femme, n'a pas besoin d'être recousue. Mais le gynéco de garde décide de me faire un point. Le ""point du mari"". Depuis, à chaque rapport, j'ai des douleurs et des saignements.",1.0,False
CeDhpGOsDAL,2022-05-27_08-38-59_UTC,@brutofficiel @konbini @clementineautain @cngof_org @cnsf_sagefemme @ordre_sages_femmes @charline.sagefemme @charlie_hebdo_officiel @dariamarx @stopgrossophobie @stop.grossophobie @payetagrossophobie @monachollet @ramsaysante,#StopVOG #Grossophobie,92,True,2013,"Hopital Prive D'antony, Ramsay Santé, Antony (92)","""on dirait une baleine échouée ! vous vous êtes vue ? bon courage monsieur !"" lors de ma 2ème césarienne, on me dira que l'utérus a été recousu avec la vessie (d'où mes douleurs).",1.0,False
CeLrKMhsbkj,2022-05-30_12-36-04_UTC,@leparisien @charlie_hebdo_officiel @enoramalagre @jaifaitunefaussecouche @aurelie_doula_faussescouches @ma_fausse_couche @fausse @ramsaysante @noustoutesorg @titiou @cash.investigation @elise_lucet @paula.forteza @judith_aquien @camille.froidevauxmetterie @mediapart,#StopVOG #FausseCoucheVraiVécu,92,True,2015,"Hopital Prive D'antony, Ramsay Santé, Antony (92)",Il ne m'annonce pas l'examen et m'enfonce brutalement l'appareil à l'intérieur du vagin. Je lui demande d'arrêter mais il ne m'écoute pas. Je pleure déjà à cause de la nouvelle de ma fausse-couche mais les larmes s'intensifient et ça l'agace.,1.0,False
CdLBU72opI6,2022-05-05_09-59-08_UTC,@hopitaltenon @hopitauxdeparis @santepubliquefrance @cngof_org @corpsgros @corpscools @stopgrossophobie @emeline.lecouffe @m.your_body @latranchemontagne @gabrielle_deydier @barbarabutch @ely_killeuse @elyanec_ @pausitiveworld @adipositivity,#StopGrossophobie,75,True,2015,"Hôpital Tenon, Aphp, Paris (75)","À 32 ans, en obésité, je souhaite avoir un enfant depuis 2 ans. Il me dit que je n'aurai jamais d'enfant si je ne perds pas de poids.",4.0,False
CdNmPDYoTf6,2022-05-06_10-00-08_UTC,@santepubliquefrance @cngof_org @corpsgros @corpscools @stopgrossophobie @emeline.lecouffe @m.your_body @latranchemontagne @gabrielle_deydier @barbarabutch @ely_killeuse @elyanec_ @pausitiveworld @adipositivity,#StopGrossophobie,77,True,2017,"Cabinet Privé, Meaux (77)",""" pour lui, le problème vient avant tout de mon poids alors qu'il s'agit en fait d'une mutation génétique. J'ai pu avoir mon fils... En changeant de médecin.""",,False
CdnTqHDMiZW,2022-05-16_09-38-03_UTC,@RamsaySante @ovidieraziel @carolinedehaas @monachollet @planningfamilial @syndicatjeunesmg @albahorvat @clementineautain @cmllgrng @camille.froidevauxmetterie @martin_winckler @lahayemariehelene @aude_lorriaux @kombini @brutofficiel @noustoutesorg @violsfemmesinfos @cnsf_sagefemme @lefigarofr @juliettedelage_ @collectifcompas @ordre_sages_femmes @memysexeandilepodcast @onarretetoutes,#StopOmerta,92,True,2015,"Hopital Prive D'anthony, Groupe Ramsay Santé, Antony (92)",Je ne savais pas qu'un medecin pouvait agresser une femme pendant son accouchement. Les collegues de ce gynecologue le surnomment « le boucher ». Il est toujours en poste.,,False
CdxUSJMMDcJ,2022-05-20_06-55-56_UTC,@noustoutesorg @martin_winckler @ovidieraziel @cngof_org @cnsf_sagefemme @ordre_sages_femmes @charlie_hebdo_officiel @leparisien @franceinter @franceinfo @lemondefr @clementineautain @iledefrance @brutofficiel,#StopVOG #StopExpressionAbdominale,92,True,1997,Clinique Ambroise Pare De Bourg-la-reine(92),"La sage-femme était assise sur mon ventre. Le docteur a utilisé les forceps. Ça s'appelait ""des forceps hauts"", ça n'était pas normal. Mon perinée était déchiré. C'était une véritable boucherie.",,False
CdsZV-GIbWC,2022-05-18_09-03-56_UTC,@ramsaysante @santepubliquefrance @iledefrance @noustoutesorg @cngof_org @cnsf_sagefemme @ordre_sages_femmes @gouvernementfr @carolinedehaas @brutofficiel @charlie_hebdo_officiel @ellefr,#StopV0G #PointDuMari,92,True,2017,"Hopital Prive D'antony, Ramsay Santé, Antony (92)",La sage-femme à découvert une compresse dans mon vagin. L'obstétricien l'avait « oubliée ». J'aurais pu faire un grave choc septique !,1.0,False
CiMpo-csFzk,2022-09-07_07-47-37_UTC,@noustoutesorg @hopitauxdeparis @violsfemmesinfos @baptistebeaulieu @gyneco_fem @gynandco_feministe @recoudreca @hopital_trousseau,#StopVOG,75,True,2016,"Hopital Armand-trousseau, Paris (75) Aphp",Elle forçait pour que j'ouvre les cuisses afin de lui permettre de faire cet examen. Elle était brutale. J'ai l'impression d'avoir été violée... Cette femme est d'une froideur impressionnante et n'a aucune compassion.,,False
CelHGb7tI8P,2022-06-09_09-41-14_UTC,@reunionla1ere @amnestyfrance @france24 @femme_actuelle @brigitte_bourguignon @franceinfo @karine_lebon_deputee @nathalie.bassire,#StopVOG #IVG,-1,True,2021,"Cabinet Privé, St Louis De La Réunion (974)","Il m'insère le tuyau sans me prévenir et aspire. J'hurle de douleur. Il me dit que suis nulle et que si j'avais vécu à une autre époque, on m'aurait fait taire. Je suis sortie de mon corps. 30 min de torture.",,False
Ce5u-kbNJ2M,2022-06-17_09-54-30_UTC,@oc_sante @heraultinfos @villedemontpellier @brigitte_bourguignon @michael_delafosse @agence.france.presse @franceinfo @co.dubost,#StopOmerta #Suture à vif,34,True,2015,"Clinique Clémentville, Oc Santé, Montpellier (34)","Elle me fait des points. Je lui demande combien je vais avoir de points et d'avoir la gentillesse de me faire une anesthésie locale. Ce à quoi elle me répond : « ça vous regarde pas, occupez-vous de votre mari et de votre fille au lieu de vous occuper de moi!",,False
CfBppc0thuO,2022-06-20_11-41-51_UTC,,#StopVOG,-1,True,2019,Centre Hospitalier De Bastia (2b),"""allez, jeune fille, on écarte les cuisses."" je suis choquée. Il me touche : ""c'est dommage, c'est moche, ces tatouages"".",,False
CfEIqD0NtwX,2022-06-21_10-51-18_UTC,@c.h.armentieres @osez_le_feminisme @enavanttoutes @les_aliennes @osez_le_feminisme @feminismeasso @pouruenmeuf_ @lalalab_fr @noustoutesorg,#StopVOG,59,True,1992,Centre Hospitalier D'armentières (59),J'avais à peine 14 ans. J'ai subi un examen gynécologique d'une violence inouïe pour une jeune femme vierge. Speculum et échographie pelvienne. C'etait juste pour rassurer ma mère.,,False
CfGaGzctjQd,2022-06-22_08-02-15_UTC,@bordeauxmaville @osez_le_feminisme @enavanttoutes @les_aliennes @osez_le_feminisme @feminismeasso @pourunemeuf_ @lalalab_fr @noustoutesorg,#StopVOG,33,True,2013,"Cabinet Gynecologique, Bordeaux (33)","Je suis vraiment mal. J'ai les larmes qui montent. J'ai envie de vomir et de partir mais je m'exécute car, finalement, c'est elle, la professionnelle. Ça doit être normal.",,False
CgJQJO2MBl3,2022-07-18_07-04-19_UTC,@planningfamilial @collagefeminicides_nancy @villedenancy @noustoutesorg @noustoutes54 @lestrepublicain @syndicatjeunesmg @brutofficiel @lemondefr,#ViolGynécologique,54,True,2010,"Chu, Nancy (54)","Je demandais à ce qu'ils stoppent leur examen. Plusieurs étudiants m'ont auscultée, les uns à la suite des autres. Ils ont tout simplement ignoré mes pleurs et ma volonté.",,False
CgRWUKusIKe,2022-07-21_10-32-10_UTC,@noustoutesorg @94160.saintmande @gouvernementfr @baptistebeaulieu @leparisien @valdemarne_94 @prefet94 @gyneco_fem @onarretetoutes_etudiantes_idf @iledefrance @osez_le_feminisme @isasantiago94 @rachel.keke @gouffiercha @brutofficiel @cngof_org @konbini @parismatch_magazine @lexpressfr @vanessa.boylandry,#StopVOG,94,True,2019,Hôpital D'instruction Des Armées Bégin Saint-mande (94),J'ai appelé mon mari en pleurant toutes les larmes de mon corps. Je marchait pliée en deux en tremblant. Ce qui venait de se passer dans son cabinet ne pouvait pas être vrai. Ça devait juste être un cauchemar...,,False
CiR8KtoMq9b,2022-09-09_09-05-43_UTC,@noustoutesorg @hopitauxdeparis @violsfemmesinfos @baptistebeaulieu @gyneco_fem @gynandco_feministe @recoudreca @hopital_trousseau,#StopVOG,75,True,2016,"Hopital Armand-trousseau, Paris (75)",Je me disais que peut-être une femme se montrerait plus douce et compréhensive. Je garde de cette rencontre un souvenir d'une grande violence psychologique !,,False
Cef_rgYtgBz,2022-06-07_10-00-12_UTC,@ramsaysante @antony.92160 @leparisien @brigitte_bourguignon @damien_abad @noustoutesorg @juliebenzoni @mediapart @marjorielen @cnsf_sagefemme @envoyespecial,#StopV0G #StopOmerta,92,True,2020,"Hopital Prive D'antony, Ramsay Santé, Antony (92)",La sage-femme m'a regardée comme si elle n'était pas étonnée de son comportement en disant : “ah ! il l'a fait à vous aussi !” il est connu à l'hôpital mais personne ne fait rien !,1.0,False
Ciriwe3MUZA,2022-09-19_07-43-56_UTC,@brutofficiel @konbini @clementineautain @cngof_org @cnsf_sagefemme @ordre_sages_femmes @charlie_hebdo_officiel @prefet94 @valdemarne_94,#ViolGynécologique,94,True,2020,"Médecin Généraliste, Valenton (94)","Il me dit très rapidement qu'il ne sent pas de kyste, mais il va bien vérifier. C'est alors qu'il plonge sa main dans mon vagin.il continue en me faisant un toucher rectal. Cela, tout en continuant ses blagues osées.",,False
Ciw6mvts720,2022-09-21_09-48-31_UTC,@brutofficiel @konbini @bordeauxmaville @charlie_hebdo_officiel @prefet33 @sante_politique,#StopVOG,33,True,2013,"Cabinet Gynecologique, Bordeaux (33)","Je suis vraiment mal. J'ai les larmes qui montent. J'ai envie de vomir et de partir mais je m'exécute car, finalement, c'est elle, la professionnelle. Ça doit être normal.",,False
Ci2b8iiMrU4,2022-09-23_13-16-03_UTC,@france3 @france3rhonealpes @hugodecrypte @fraiches @ohmymagfr @liberationfr @clitrevolution @simonemediafr @the_s.i.m.o.n.e.s @brutofficiel,#StopVOG,69,True,2010,",cabinet Privé, Rilleux La Pape (69)","La gynéco me demande de but en blanc, avant que je n ai pu dire quoi que ce soit : "" alors, ca démange ? ça pue le poisson pourri là-dedans, où pas ?""",,False
Ci9k7v8MDuS,2022-09-26_07-49-16_UTC,@departement59 @region_hautsdefrance @fraiches @simonemediafr @konbini @brutofficiel @loopsider @lehuffpost @blastofficiel @mediapart @hugodecrypte @noustoutesorg @noustoutes_jeune59,#StopV0G,59,True,2020,", Centre Hospitalier, Dechy (59)","Elles n'arrivaient pas à me mettre le ballon et elles m'engueulaient presque. J'avais beau dire que j'avais mal, elles ne m'écoutaient pas et continuaient à enfoncer le speculum.",,False
CjC6g1zsWjA,2022-09-28_09-34-02_UTC,@martiniquela1ere @gyneco_fem @charline.sagefemme @lehuffpost @blastofficiel @mediapart @hugodecrypte,#StopVOG,-1,True,2010,", Cabinet Privé, Le Marin (la Martinique)",J'ai 15 ans. Elle prend un speculum et me demande si son sexe est plus gros. Je réponds que non. Elle me l'insère sans prévenir et me dit : « ben voila ! ça passe ! »,,False
CjIDMztskCy,2022-09-30_09-26-09_UTC,@collages_feministes_lyon @villedelyon @noustouteslyon @noustoutesrhone @departementrhone @enparler_asso @hugodecrypte @konbini @brutofficiel @espacesanterra @fraiches,#StopVOG,69,True,2001,"Hôpital Edouard Herriot, Lyon (69)","J'aiete agressée chez moi. Aux urgences, le médecin me dit que finalement je n'ai pas grand chose et finit par une petite claque sur la cuisse en disant : « tout va bien, bonne pour le service ! »",,False
CjP0URbs2jD,2022-10-03_09-50-01_UTC,@hugodecrypte @blastofficiel @mediapart @gyneco_fem @gynandco_feministe @charline.sagefemme @lessagesfemmesenparlent @violsfemmesinfos @ville.boulognesurmer @region_hautsdefrance @ars_hautsdefrance,#StopVOG,62,True,2021,"Chb, Boulogne Sur Mer (62)","Je lui dit : « dans le pays étranger où je travaille, la gynécologue veille à recueillir mon consentement, avant chaque geste, à chaque fois. » sa réponse : ""vous n'avez qu'à consulter à l'étranger !""",,False
CjUvkwSsmr3,2022-10-05_07-44-47_UTC,@hugodecrypte @blastofficiel @mediapart @gyneco_fem @gynandco_feministe @charline.sagefemme @je.suis.une.sorciere @jemenbatsleclito @violsfemmesinfos @iledefrance,#ViolGynécologique,77,True,2018,Romainvilliers (77),Je me sentais complètement violée : il m'enfonce le spéculum et me fait tellement mal que j'ai du sang qui coule jusqu'aux genoux. Il ne me donne rien pour me nettoyer.,,False
Cj0BcmLsyoP,2022-10-17_11-17-25_UTC,@sante_politique @baptistebeaulieu @ordre_sages_femmes @gynandco_feministe @lemedia_tv @collages_feministes_avignon @departementdevaucluse @blastofficiel,#StopOmerta,-1,True,2022,Centre Hospitalier D'avignon,"Elle griffe mon fond utérin. C'est très désagréable : un immense dégoût se mêle à la joie de la naissance. Lorsque je récupère des forces, j'annonce à la sage- femme que je suis médecin. Je n'oublierai jamais son visage déformé par la peur.",,False
Cj4xB83MeXT,2022-10-19_07-30-10_UTC,@hugodecrypte @blastofficiel @mediapart @gyneco_fem @gynandco_feministe @charline.sagefemme @je.suis.une.sorciere @jemenbatsleclito @iledefrance @compiegne @liberation @christelle_juteau,#StopVOG,60,True,2016,Polyclinique St Come- Compiègne (60),Il a rentré le spéculum plusieurs fois dans mon vagin en le frottant sur mon clitoris juste avant. Son regard sur moi était malsain. Je suis sortie de ce rdv choquée.,,False
Cj-P-ddMEcP,2022-10-21_10-36-47_UTC,@sante_politique @santemagazine @baptistebeaulieu @martin_winckler @mariebongars @lahayemariehelene @je.suis.une.sorciere @noustoutes_jeune59 @collages_feministes_lille @lesmaternelles @charline.sagefemme,#StopV0G,59,True,2018,Polyclinique De Grande Synthe (59),"57 points de suture, fracture du coccyx à vif... Mon dossier médical est vide. Le gyneco avait refusé la césarienne. On a failli mourir tous les deux. J'ai mis 4 ans pour en parler.",,False
CkFwEXnsTHu,2022-10-24_08-31-53_UTC,@jaifaitunefaussecouche @ma_fausse_couche @sudf.officiel @cngof_org @_anna.roy_ @coucoulesgirls @bliss.stories @noustoutesorg @baptistebeaulieu @sante_politique @liberationfr @mediapart @simonemediafr,#StopV0G,-1,True,2022,Appel Au 15,Je souhaiterais témoigner d'un appel au 15 fait ce matin. La vulgarité de la réponse a été hyper violente.,,False
CkKy0ccMW3_,2022-10-26_07-32-08_UTC,@cngof_org @hugodecrypte @blastofficiel @mediapart @gyneco_fem @gynandco_feministe @sante_politique @je.suis.une.sorciere @jemenbatsleclito @iledefrance @hopitauxdeparis,#StopVOG,-1,True,2021,Appel Au 15,La dame au téléphone lui répond que je dois prendre un spasfon et un doliprane et qu'ils « ne se déplacent pas pour un mal de ventre ». J'étais en train de faire une hémorragie interne.,,False
CkX7-dTMkRa,2022-10-31_10-02-16_UTC,@planningfamilial.gironde @departementgironde @arsnouvelleaquitaine @prefet33 @noustoutes.33 @noustoutescj33 @konbini @agfeministegironde @gyneco_fem,#StopVOG,-1,True,2022,Centre De Radiologie De Cadillac En Gironde,"« les femmes supportent vraiment plus rien. À mon époque on n'avait pas autant de femmes qui se plaignaient. » sans me prévenir, il glisse ses mains dans ma culotte pour caler un essuie-tout...",,False
Ckc_l09saci,2022-11-02_09-10-04_UTC,@cngof_org @hugodecrypte @blastofficiel @mediapart @gyneco_fem @gynandco_feministe @sante_politique @je.suis.une.sorciere @jemenbatsleclito @collages_feminicides_angouleme @villeangouleme @parents_et_feministes @noustoutesorg,#StopV0G,16,True,2022,Centre Hospitalier D'angoulême (16),"J'ai passé 4 jours d'enfer. À me faire traiter comme de la merde. À me faire violer, clairement. Que ce soit homme où femme. Toujours une personne différente à chaque fois.",,False
CkiUvnXMblg,2022-11-04_10-51-06_UTC,@clementineautain @ivglesinfos @aucoeurdesmots_ @avortementlesfemmesdecident @moiaussijaiavorte @parents_et_feministes @baptistebeaulieu @noustoutesorg @sante_politique @shera @jenesuispasjoli @marinetteperin @lehuffpost @hugodecrypte @konbini,#PayeTonlVG,13,True,2007,Marseille (13),""" au bloc et juste avant l'anesthésie, j'avais 14 ans, elle m'a dit : ""sachez mademoiselle que l'avortement n’est pas un moyen de contraception !""""",,False
CkqBxWAMHvd,2022-11-07_10-39-14_UTC,@who @gynandco_feministe @gyneco_fem @syndicatjeunesmg @noustoutesorg @noustoutes.31 @collages_feministes_toulouse @ut3paulsabatier @franceinter @fraiches @konbini @pma.malgre.moi @ma_pma_et_caetera @hysterosalpingographie,#ViolGynécologique,-1,True,2022,"Clinique Ambroise Par, Toulouse (3","C'était il y à quelques heures. Je suis chez moi prostrée. Je ne peux plus bouger. Je ne comprends pas ce qu'il s'est passé. En larmes, je ne ressens que de la douleur.",,False
Cku96s7MZM5,2022-11-09_08-41-46_UTC,@hugodecrypte @blastofficiel @mediapart @gyneco_fem @gynandco_feministe @charline.sagefemme @je.suis.une.sorciere @ville @violsfemmesinfos @villearras @parents_et_feministes @sante_politique,#StopVOG,62,True,2020,"Hôpital Privé Arras Les Bonnettes, Groupe Privé Ramsay Santé, Arras (62)","Je dois subir un curetage. "" vous verrez, une fois que c'est fait, on est content ! un bébé ça se refait, hein ?""",,False
Cl3K_CxMQk0,2022-12-07_09-41-16_UTC,@hopitauxdeparis @ordredesmedecins @leparisien @cngof_org @hugodecrypte @blastofficiel @mediapart @gyneco_fem @gynandco_feministe @sante_politique @jemenbatsleclito @iledefrance,#StopOmerta,75,True,2021,"Hopital Tenon, Paris 20e (75)","Arrive le toucher rectal, fait brusquement, sans prévenir. La patiente avait pourtant dit non!",4.0,False
Cn1OdwIsQ7y,2023-01-25_08-35-59_UTC,@hugodecrypte @blastofficiel @mediapart @gyneco_fem @gynandco_feministe @charline.sagefemme @villedebordeaux @liberation @collages_feministes_bordeaux,#ViolGynécologique,33,True,2014,"Cabinet Privé, Bordeaux (33)",Mes genoux sont ouverts de force sans un mot. Mes seins agrippés. Un spéculum de grande taille m'est inséré abruptement... Je quitte mon corps. Tout est flou.,,False
Cn6e8YnM8D4,2023-01-27_09-36-11_UTC,@cngof_org @ordre_sages_femmes @santemagazine @gynandco_feministe @notrecorpsnousmemes @noscorpsresistants @make_mothers_matter_france @sabsante @marinetteperin @noustoutesorg,#ViolGynécologique,42,True,2019,St Étienne (42),"Au stade où j'en suis, je me demande quoi faire : mettre une étoile sur son profil google en précisant qu'elle viole à la sonde vaginale quand elle est énervée ?",,False
CoZRipHs1v6,2023-02-08_08-35-32_UTC,@sandragloria @paula.forteza @slatefrance @editionspayot @_anna.roy_ @andiaye @brutofficiel,#FausseCoucheVraiVecu,68,True,2022,"Clinique Du Diaconat, Mulhouse (68)","Je ne leur demande pas de pleurer sur mon sort. Simplement, que les soignants fassent preuve d'empathie. C'est cruel, mais on en manque terriblement.",,False
CorXmXBsQUI,2023-02-15_09-14-48_UTC,@noscorpsresistants @justiceendo @endomind_fr @leparisien @hopitauxdeparis @liselasagefemme @santementalefr,#StopVOG,75,True,2012,Hopital Saint-joseph (75),"Dès le lendemain, j'ai commencé à souffrir le martyre. Je hurlais de douleur. Je n'arrêtais pas de pleurer. Je me suis sentie mourir plusieurs fois. Il m'a donné un peu de morphine, et puis plus rien, à part du paracétamol et des anxiolytiques.",,False
CowsjRoMuVz,2023-02-17_10-54-04_UTC,@collages_feministes_toulouse @onarretetoutes_toulouse @noustoutes.ut1 @ouestfrance @laregionoccitanie @frcsbraun @france3occitanie @baptistebeaulieu @mon.gyneco @gyneco_girl,#StopVOG,31,True,2022,"Cabinet Privé, Toulouse (31)",Je demande immédiatement à ce qu'elle arrête. Aucune réponse de sa part. Je dis que j'ai mal. Toujours pas de réponse.,,False
Co4R6H7MpPd,2023-02-20_09-35-11_UTC,@leCNGOF @arsnouvelleaquitaine @departement_vendee @larochesuryonfr @collages_feminicides_vendee @stopgrossophobie @grossophobie.ca @stop_grossophobie_france @ma_pma_et_caetera @surlefiv @pma.malgre.moi,#PMA,-1,True,2022,"Centre Pma, La Roche Sur Yon","""vous avez fait une fausse couche il y à 6 mois ? ah bah c'est de votre faute madame ! avec vos kilos en trop c'est vous qui avez déclenché la mort de votre bébé.""",,False
CqF2GM-snFl,2023-03-22_12-32-56_UTC,@hopital_necker @hopitauxdeparis @noemie.de.lattre @onarretetoutes @noustoutesorg @hopitauxdeparis @proteger.l.enfant @franceinfo,#StopVOG,75,True,2020,"Hôpital Necker, Paris (75)","Rien que d'y penser, j'en pleure encore. Je n'ai jamais digéré cet accouchement. J'ai d'abord accepté un déclenchement, dont je ne voulais pas. Je voulais refuser, mais le docteur a insisté.",,False
CqpXezLs5kz,2023-04-05_07-38-04_UTC,@blastofficiel @mediapart @gyneco_fem @gynandco_feministe @charline.sagefemme @vviolsfemmesinfos @iledefrance @parentset @santepolitique,#StopGrossophobie,59,True,2020,"Cabinet Privé, Lille (59)","J'ai fait remarquer c...) que des ""grosses"" tombent enceintes tous les jours, sans demander l'avis d'un groupe de médecins inconnus. Elle m'a répondu : ""oui, mais elles, on ne peut pas les empêcher. Vous, on peut !""",,False
Cq7WSvgMW6Q,2023-04-12_07-14-01_UTC,@noustoutes88 @aucoeurdesmots_ @raconte_ton_ivg @nos_vies_post_ivg @ivgmonchoix,#StopVOG,88,True,2012,"C.hi Ouest Vosgien, Neufchâteau (88)","Le médecin me dit, direct : ""encore un avortement de confort ! sachez que je suis contre."" en salle de réveil, l'infirmière me dit à demi-mot que ce praticien ne supporte pas l'avortement et qu'il n'y a pas été de main morte.",,False
CpKe3CXsV62,2023-02-27_11-14-42_UTC,@antennereunion @kreolfm @journal_de_lendometriose @reunionla1ere @chu_reunion_ @segomkunde @france24 @valerie_filain @rfi @faroukdargai @nathalie_sultan @santepubliquefrance @justiceendo @notre_endometriose @endofrance @endometriose.neuropathique @vivreaveclendometriose,#StopDéni,97,True,2017,"Chu De Saint-denis, La Réunion (97)",""" votre fille n'a rien du tout. Pas d'endométriose. Pas de souci. Elle a juste un peu mal de temps en temps, c'est bon, ça passera. Rentrez chez vous !”.",6.0,False
CuJqyxPssVR,2023-07-01_10-16-42_UTC,@ville_d_angers @france3pdl @onarretetoutesangers @angersinfo @noustoustesangers @ars_paysdelaloire @paysdelaloire @santepubliquefrance @santemagazine,#JamaisSansMonConsentement,49,True,2022,Ch.u. D'angers (49),"J'ai été traumatisée car elle ne m'avait pas demandé mon consentement. Maintenant, ça va mieux, je ne veux juste plus de bébé car je ne veux plus jamais accoucher dans la violence.",3.0,False
CuPbkTYtgK9,2023-07-03_15-59-06_UTC,@ville_d_angers @france3pdl @onarretetoutesangers @angersinfo @noustoustesangers @ars_paysdelaloire @paysdelaloire @santepubliquefrance @santemagazine,#QuandCnonCnon,49,True,2021,C.h.u. D'angers (49),Mon quatrième bébé est né à la maison. Nous ne pouvions envisager de remette les pieds dans une maternité.,3.0,False
CuUEtEesgVl,2023-07-05_11-15-31_UTC,@chu.Angers @noustoutesorg @ouestfrance @collages_feministes_angers @cnsf_sagefemme @103campusangers,#JamaisSansMonConsentement,49,True,2022,C.h.u. D'angers (49),"C'est terrible que le personnel de la maternité sache, et ne fasse rien d'autre que compatir. C'est déjà ça, mais cela reste très insuffisant !",3.0,False
CuY7CI-MVAY,2023-07-07_08-27-13_UTC,,#DignitéPiétinée,49,True,2023,C.h.u. D'angers (49),"La dernière nuit, cette professionnelle a poursuivi ses humiliations.",3.0,False
CrN3SR-sneq,2023-04-19_11-48-38_UTC,@isere.le.departement @ledauphineliberegrenoble @__collectives,#RefusDeSoin,38,True,2023,Isère (38),"L'obstétricienne qui m'a assistée à l'accouchement de mon enfant, à refusé de me recevoir en rendez-vous. Pour quelle raison ? parce que je suis venue au cabinet accompagnée de mon enfant.",,False
Crfd5Xrs3gW,2023-04-26_07-53-07_UTC,@jai_dit_stop_ @cquitapsy @associationwanted @ima_temoignages @__collectives @chalondanslarue,#StopVOG,71,True,2017,"Cabinet Privé, Châlon-sur-saône (71)","À 12 ans, la gynecologue m'a imposé une échographie endovaginale, sans aucune délicatesse. Inutile de préciser que j'étais vierge. Une fois retirée de mon vagin, la sonde fut enfoncée dans mon anus, sans l'essuyer, et toujours sans rien me dire.",,False
Cr2qdGJt_Wg,2023-05-05_08-05-23_UTC,@violencesgynecosparlonsen @__collectives @violsfemmesinfos @ovidieraziel @violcrimeimpuni,#ViolGynécologique,77,True,2019,"Médecin Généraliste, Veneux-les-sablons (77)","J'ai subi une ivg médicamenteuse. Le médecin me demande de me déshabiller, et de m'installer sur la table afin qu'il procède à un examen vaginal. (...) il me précise que si je refuse, il ne me donnera pas le médicament",,False
CsI4zlBsCWp,2023-05-12_09-57-07_UTC,@noustoutes34 @noustoutesbeziers @endozen_occitanie @laregionoccitanie @franceinfo,#StopVOG,34,True,2022,"Cabinet Privé, Béziers (34)","Elle a dégainé et inséré le spéculum sans annonce, ni demande de consentement, et l'a ouvert très vite, très fort.",,False
CsQ7DzNMBiO,2023-05-15_12-50-44_UTC,@anesf_sagefemme @charline.sagefemme @lessagesfemmesenparlent @_anna.roy_ @noustoutesorg @bretonnesetfeministes.podcast @france3bretagne @ouestfrance @ouestfrance.bretagne @noustoutes29quimper @onssf_syndicat @ordre_sages_femmes,#StopVOG,29,True,2020,"Cabinets Privés, Environs De Plouzane (29)",Elle a de nouveau forcé le col de mon utérus avec ses deux ciseaux pour insérer le nouveau stérilet. Elle n'arrivait pas à le mettre. Je saignais. Elle n'a pas écouté ma demande insistante d'arrêter de me maltraiter.,,False
Css9lz_sQRP,2023-05-26_10-11-35_UTC,@celine.calvez @noustoutesorg @violencesgynecosparlonsen @violsfemmesinfos,#Violgynecologique,92,True,2022,"Hôpital Louis-mourier Ap-hp, Colombes (92)","Cette introduction de compresses ne respecte pas mon intimité et mon anatomie. C'est violent. Je continue de pleurer. Je la supplie d'arrêter. Rien ne me sera proposé contre la douleur, juste une injonction à tenir mes jambes plus écartées.",,False
Cs8TOOTsjR0,2023-06-01_09-09-13_UTC,@cestquilaboss @noustoutesorg @accoucher_sans_peri @naissance.non.violente,#StopExpressionAbdominale,91,True,2022,Chu D'arpajon (91),"""elle monte sur un marche-pied et se met à me broyer le ventre avec ses mains et ses bras. J'ai cru que j'allais mourir tellement la douleur était insoutenable !""",,False
CtGjLTaMn3p,2023-06-05_08-41-02_UTC,@ramsaysante @toulousefr @collages_feministes_toulouse @onarretetoutes_toulouse @loccitane_fr @france3occitanie @laregionoccitanie @hautegaronne @santepubliquefrance @baptistebeaulieu @ouestfrance @mediapart @franceinter @franceinfo @noustoutesorg @noustoutes31 @noustoutesunivmirail.31,#StopExpressionAbdominale,31,True,2018,"Clinique St Jean De Languedoc, Groupe Privé Ramsay Santé, Toulouse (31)",""" pendant les poussées, l'auxiliaire de puériculture ainsi que la sage-femme ont exercé des expressions abdominales. """,,False
CtRQi57sT8u,2023-06-09_12-29-52_UTC,,#QuandCnonCnon,67,True,2022,Centre Hospitalier De Sélestat (67),"Il me dit : ""je n'ai eu aucun problème à poser ce stérilet. C'est vous qui avez eu une réaction disproportionnée !""",,False
CtYr2OVM_D4,2023-06-12_09-43-07_UTC,@planningfamilial30 @loccitane_fr @france3occitanie @laregionoccitanie @santepubliquefrance @mediapart @franceinter @franceinfo @noustoutesorg @noustoutes30 @onssf_syndicat @charline.sagefemme @anesf_sagefemme @lessagesfemmesenparlent,#QuandCnonCnon,30,True,2014,Hopital De Bagnol-sur-cèze (30),"J'ai été mise de force sur la table d'accouchement. Le cathéter a été posé, malgré mon interdiction explicite et claire. Mes pieds ont été attachés dans les étriers.",,False
CtdrB2BMjBZ,2023-06-14_08-12-10_UTC,@ivg_revoltee @aucoeurdesmots_ @parlons_ivg @hellovulvae @violencesgynecosparlonsen,#PayeTonlVG,69,True,2015,Hôpital Édouard Herriot - Hcl (69),"La douleur est tellement insupportable que je ne peux m'empêcher de bouger. La gynécologue s'agace, et j'entends un bruit sourd : elle vient de faire tomber du matériel. Elle est en colère.",,False
Ctq8LybM-9m,2023-06-19_11-52-12_UTC,@noustoutes_92 @prefet75 @barreau92 @santepubliquefrance@brutofficiel @konbini @clementineautain @cngof_org @cnsf_sagefemme @ordre_sages_femmes @charlie_hebdo_officiel @antony.92160,#JaiPasDitOui,92,True,2022,Gennevilliers (92),"Le radiologue ne m'a pas prévenue de l'insertion. Il à simplement dit à son assistante : ""je vais regarder et m'amuser un peu"".",,False
CuBsd6MMjld,2023-06-28_07-57-24_UTC,@naissance.non.violente @accoucher_en_liberte,#QuandCnonCnon,49,True,2021,C.h.u. D'angers (49),"Si nous devions avoir un deuxième bébé, jamais au grand jamais je ne retournerais au chu. Je m'y suis sentie humiliée du début à la fin.",3.0,False
CyK222mMS2o,2023-10-09_07-26-56_UTC,@cliniqueanjou @collages_feministes_angers @onarretetoutesangers @ville_d_angers @lecollectif5050 @ars_paysdelaloire @maine_et_loire @francebleumaine,#StopVOG,49,True,2020,"Clinique De L'anjou, Angers (49)","Il continuait à me faire les points, alors que je pleurais de douleur. Aucune compassion. Il m'a juste mis un coup de bombe de froid, qui n’a eu aucun effet, absolument aucun ! il s'est moqué : « quand même madame, arrêtez de faire votre chochotte. ».",2.0,False
CyVXQT_sPeZ,2023-10-13_09-22-26_UTC,@collages_feministes_angers @onarretetoutesangers @ville_d_angers @lecollectif5050 @ars_paysdelaloire @maine_et_loire @francebleumaine @cliniqueanjou,#StopVOG,49,True,2011,"2016, Clinique De L'anjou, Angers (49)","Il a utilisé les forceps. Je sens encore les cuillères froides rentrer dans mon corps, et mon bassin craquer. Je me souviens de cette horrible sensation de mon bassin qu'il écartelait. Je me suis sentie mourir.",2.0,False
CydMtsGsUhR,2023-10-16_10-24-15_UTC,@cliniqueanjou @cliniqueanjou @angersinfo @maine_et_loire @ordre_sages_femmes @ouestfrance @ouestfrance.anjou @collages_feministes_angers,#RasLeViolGynéco,49,True,2020,"Clinique De L'anjou, Angers (49)","Je sens ses doigts tirer sur ma peau. Je lui demande d'arrêter parce qu'elle me fait mal, mais elle continue encore et encore. Aujourd'hui encore, je tremble en pensant à la violence de cet acte et la douleur qu'il m'infligeait",2.0,False
CxaOr1EMgLX,2023-09-20_10-12-21_UTC,,#StopVOG,72,True,2023,"Centre Hospitalier Maternité Aliénor, Le Mans (72)","""et dire que vous vouliez accoucher à la maison ! vous n'auriez jamais réussi. Vous ne faites aucun effort. Vous êtes une incapable. Vous êtes incapable de prendre sur vous. Vous ne supportez rien. Vous êtes une chochotte !""",5.0,False
Cww7JhmsQi8,2023-09-04_09-12-47_UTC,@baptistebeaulieu @andrea_bescond @cestquilaboss @leseclaireuses @jaifaitunefaussecouche @charline.sagefemme @cngof_org @collages_feministes_chambery @onarretetouteschambery,#FausseCoucheVraiVécu,73,True,2022,C.h.ms. De Chambéry (73),"La soignante utilise d'abord un spéculum et me l'insère. Elle appuie fort avec, pour observer à l'intérieur. Elle le pousse de tous les côtés, l'enfonce. C'est extrêmement douloureux. Quand elle le ressort, il est en sang!",,False
Cw2IiNEMUDg,2023-09-06_09-45-57_UTC,@violencesgynecosparlonsen @noustoutes95 @noustoutesorg @_valdoise @france24 @collages_feministes_95 @villeosny,#DouleurEtDignitéPiétinées,95,True,2020,"Laboratoire Privé, Marines (95)","Je lui dis qu'il me fait mal. Ses mots furent juste : « vous savez, vous êtes une femme. Vous n'avez pas fini avec tout ça! ».il chuchotera également : « chochotte ! » en pensant que je n'entends pas.",,False
CxDlN8GMKd2,2023-09-11_15-06-43_UTC,@villedevillierssurmarne @andrea_bescond @cestquilaboss @collages_feminicides94 @noustoutes.upec @valdemarne_94 @noustoutes94,#StopVOG,94,True,2002,"Cabinet Privé, Villiers Sur Marne (94)","Elle m'écarte les jambes, utilise un spéculum sans me prévenir. Je ne sais pas ce que c'est. Je suis encore vierge. Elle râle de me voir si tendue. Je suis terrifiée.",,False
CxJg6byMkFj,2023-09-13_22-24-33_UTC,,#QuandCnonCnon,-1,True,2006,"Marche-en-famenne, Belgique","Le gynécologue me demande de retirer ma culotte. Je refuse. Il me dit : ça ne t'a pas dérangée d'écarter les jambes pour ton copain!""",,False
CxN2o8-sSx6,2023-09-15_14-51-22_UTC,@baptistebeaulieu @thefrench.radiologist @sante_politique @santepubliquefrance @sabsante @leparisien @collages_feminicides_paris @gynandco_feministe,#RasLeViolGynéco,-1,True,2023,"Centre D'imagerie Medicale, 17e Paris","Puis, sans prévenir, là encore, et toujours sans mon consentement, il enfile des gants et me fait un toucher pelvien. Il commente : ""vous avez un périnée de ""jeune fille"" comparé au reste de votre corps !""",,False
CxU1mgtM7CI,2023-09-18_07-56-58_UTC,@solidarite_menstruelle_reims @collages_feministes_reims @collages_feminicides_reims @villedereims @departementmarne @france3champagneardenne @gazette.feministe,#ExamenBrutal,51,True,2018,"Polyclinique Reims-bezannes, Groupe Privé Courlancy Santé- Bezannes (51)",Je suis rentrée chez moi en me sentant sale. Je savais que ce qu'il m'avait fait n'était pas normal.,,False
Cxff4MTMZOy,2023-09-22_11-18-48_UTC,@ars_hautsdefrance @jaifaitunefaussecouche @ma_fausse_couche @noustoutesorg @france3nordpasdecalais @le_pasdecalais @prefecture62,#FausseCoucheVraiVécu,62,True,2023,Centre Hospitalier D'arras (62) Groupe Hospitalier Artois-ternois,"J'ai la hantise de tomber sur ces deux internes, où sur la gynécologue en chef, qui m'ont reçue comme si mon bébé - enfin fœtus - était une simple dent cariée qu'il fallait retirer ! je me demande combien de grossesses elles ont interrompu, alors que l'embryon était bien dans l'utérus.",,False
Cx5sEQwMq9w,2023-10-02_15-25-33_UTC,@franceinfo @noustoutesorg @collages_feminicides_paris @cestquilaboss @cngof_org @charline.sagefemme @jaifaitunefaussecouche @leseclaireuses,#StopVOG,75,True,2023,"Maternité Notre-dame De Bon Secours , Paris (75) Groupe Hospitalier Paris Saint-joseph","Au lieu d'avoir un vagin et un anus, j'ai un vagin-anus. Un seul trou. En plus de m'avoir traumatisée, l'obstétricienne m'a mutilée.",,False
Cyi7LKisbqG,2023-10-18_15-46-26_UTC,@collectifivgfrancesud @avortementlesfemmesdecident @noustoutesorg @lau.rossignol @parole.de.patients @maltraitance_medicale @planningfamilial,#PayeTonlVG,75,True,2021,"Urgences Gynécologiques De Saint-joseph, Paris (75) Groupe Hospitalier Paris Saint-joseph","Elle m'annonce que cet établissement étant un hôpital catholique, on n'y fait pas « ce genre d'opération ». Ce refus de pratiquer les ivg vient de la direction.",,False
CyDQjc6MNRi,2023-10-06_08-37-33_UTC,@cliniqueanjou @collages_feministes_angers @onarretetoutesangers @ville_d_angers @lecollectif5050 @ars_paysdelaloire,#StopVOG,49,True,2022,"Clinique De L'anjou, Angers (49)","Dès le premier point, je lui demande d'arrêter. Ça me fait vraiment très mal. Elle me répond : « oui, l'anesthésiant à cet endroit ne marche pas très bien. Je fais vite ».",2.0,False
Cyu7jvosBY6,2023-10-23_07-40-40_UTC,@cliniqueanjou @angersinfo @ville_d_angers @collages_feministes_angers @angersvillactu @angers_luttes_infos @ars_paysdelaloire @maine_et_loire @ordre_sages_femmes @gendarmerie_049,#StopVOG,49,True,2021,"Clinique De L'anjou, Angers (49)","Ce gynécologue se moque : « vous ne supportez pas un toucher vaginal, mais vous voulez un accouchement sans péridurale ! bon courage ! »",2.0,False
Cy7a8K2NqOA,2023-10-28_04-05-46_UTC,@mediapart @noustoutesorg @osez_le_feminisme @ville_d_angers @noustoustesangers @collages_feministes_angers @angers_luttes_infos @comitefeminin49 @angers,#StopVOG,49,True,2020,"Clinique De L'anjou, Angers (49)","C'était violent. Il à agi tel un boucher. Il a abîmé, endommagé en deux secondes le corps et la dignité de ma compagne.",2.0,False
C2IUjbBsmLi,2024-01-15_17-54-17_UTC,@ars_paysdelaloire @mediapart @noustoutes72 @sarthe.fr @lesfallopes.psa @franceinter @francebleuloireocean,#StopCésarienneàVif,72,True,2022,"Centre Hospitalier, Le Mans (72)","J'étais mal anesthésiée. J'ai senti qu'on m'ouvrait le ventre, à vif par endroits. On m'a demandé si je préférais être endormie complètement, ou hurler encore un peu.",5.0,False
C0Ttl_DMh5O,2023-12-01_11-01-56_UTC,@nous.toutes.76.le.havre @seine_maritime_normandie @seinemaritime @ouestfrance,#StopVOG Témoignage du compagnon,76,True,2022,"Hôpital Du Belvédère, Mont-saint-aignan (76)",L'après-accouchement a été encore plus difficile. Comprendre qu'ils ont fait des actes sur le corps de mon épouse sans que je m'en rende compte m'a donné l'impression de n'avoir pas protégé ma femme de leurs gestes et de leurs conséquences.,,False
C0barb3M6Yp,2023-12-04_10-50-35_UTC,@action_ecofeministe_grandest @schilick @pma.malgre.moi @parlonsfertilite @noustoutes67 @noustoutes_koeberle @noustoutes.lyceeschure,#StopVOG,67,True,2023,"Centre Radiologique, Schiltigheim (67)","“vous serez bien incapable d'avoir un enfant en protocole pma si la simple mise en place d'un spéculum déclenche un tel cirque.” ajoute-t-elle. Cette fois, elle me l'insère brutalement. Ce médecin me fait mal.",,False
C0hG8dgsZlE,2023-12-06_15-53-35_UTC,,#StopVOG,4,True,2023,"Clinique De Toutes Aures, Manosque (04) Groupe Almaviva Santé","Le gynécologue m'assène que je dois admettre que je ne m'en sors plus ! qu'aujourd'hui, j'ai une vie de merde, des douleurs, une vie sexuelle de merde.",,False
C03ifi1unOs,2023-12-15_08-57-36_UTC,@leparisien @sante_engagee_solidaire @syndicatjeunesmg @mon.gyneco @noustoutesorg @collages_feminicides_paris @noustoutesparisnord @noustoutesparissud @greve_feministe @santepubliquefrance @doc_sante_gyneco @vibelh,#StopVOG,-1,True,2017,,"Au départ, les docteurs disaient que c'était une pathologie psychiatrique. Selon eux, je faisais “une fixette” sur la bandelette. À tel point que la seule prescription médicale qui m'a été préconisée, en consultation post-opératoire, fut de consulter un psychiatre.",,False
C2NIXb2MkE3,2024-01-17_14-43-59_UTC,@les_glorieuses @ladeferlanterevue @lesfallopes.psa @mediapart @simonemediafr @santeplusmag @parlementeuropeen,#StopVOG,-1,True,2021,Belgique,"""une autre dame souhaite la péridurale. C’est la nuit, je ne rappellerai pas l'anesthésiste une seconde fois. Donc, soit vous prenez la péridurale maintenant, où vous ne l'aurez pas du tout.""",,False
CynVimzMAA4,2023-10-20_08-53-47_UTC,@cliniqueanjou @jaifaitunefaussecouche @ma_fausse_couche @fannydefontreaulx @judith_aquien @camille.froidevauxmetterie @angersinfo @collages_feministes_angers @ville_d_angers @onarretetoutesangers @noustoustesangers @ars_paysdelaloire @maine_et_loire,#FausseCoucheVraiVécu,49,True,2023,"Clinique De L'anjou, Angers (49)","Je le supplie d'arrêter. La sage- femme présente à mes côtés, lui demande aussi de s'arrêter. Il répond froidement : « non ! ca fait déjà deux fois que j'enlève ma main ».",2.0,False
C0lr8Y0sxF8,2023-12-08_10-33-51_UTC,@chlemansofficiel @ars_paysdelaloire @sarthe.fr @ouestfrance.sarthe @paysdelaloire @noustoutes72 @sante_engagee_solidaire @syndicatjeunesmg @santetudiantsu @santemagazine,#StopVOG,72,True,2016,"Centre Hospitalier, Le Mans (72)","J'ai mal. J'hurle tellement, qu'ils me demandent de me taire.ils m'interdisent de crier. Ils s'énervent : “ce n’est pas possible !”",5.0,False
C2Zk37mMekP,2024-01-22_10-43-59_UTC,@villedetoulon @collages_feministes_toulon @bfmtoulonvar @collagesfeministestoulon @adpmv83 @policenationale @sante_engagee_solidaire @santepubliquefrance @arspaca @ordre_sages_femmes @syndicatjeunesmg,#ViolGynécologique,83,True,2019,Ch. Sainte Musse De Toulon (83),"Mon histoire est celle d'une femme obligée de subir un viol gynécologique, à cause de soignantes inhumaines, cruelles.",,False
C2fiaq_s0U8,2024-01-24_18-17-57_UTC,,#FausseCoucheVraiVécu,77,True,2023,Grand Hopital De L'est Francilien Site De Coulommiers (77),"« qu'est ce que vous n'avez pas compris ? vous l'avez ""expulsé"", alors on va vous faire un curetage pour retirer ""le reste”. Vous avez compris ? »",,False
CONEYtvl5kL,2021-04-28_09-13-26_UTC,@ramsaysante @fondationdesfemmes @defenseurdesdroits @cnsf_sagefemme @cngof_org @genegalitefr @hautsdeseine @prefet92 @iledefrance @antony.92160 @collages_feministes_antony92 @leparisien,#StopAccouchementMasqué,92,True,2021,"Hôpital Privé D'antony, Groupe Ramsay Santé (92)","""ils nous obligent à subir un test pcr à notre arrivée et même s'il est négatif c'est port du masque obligatoire pendant l'accouchement. """,1.0,False
CdqL4CHMGnf,2022-05-17_12-27-46_UTC,@ramsaysante @carolinedehaas @brutofficiel @noustoutesorg @charlie_hebdo_officiel @ellefr @cngof_org @cnsf_sagefemme @actup_paris @ovidieraziel @ordre_sages_femmes @martin_winckler,#StopVOG #StopOmerta,92,True,2022,"Hopital Prive D'antony, Ramsay Santé, Antony (92)","""il m'enfonce les forceps avec une telle violence que je me mets à hurler et mes yeux pleurent tout seuls.""",1.0,False
Cd0CH6zs5kr,2022-05-21_08-14-58_UTC,@RamsaySante @brutofficiel @konbini @franceinter @franceinfo @charlie_hebdo_officiel @cngof_org @cnsf_sagefemme @clementineautain @iledefrance @planningfamilial92 @osez_le_feminisme @noustoutesorg @leparisien,#StopV0G #RévisionUtérineaVif,92,True,2016,"Hopital Prive D'antony, Ramsay Santé, Antony (92)","Deux infirmières m'ont tenue plaquée contre le lit pendant que l'obstétricien effectuait la révision utérine à vif. J'ai eu l'impression d'une intrusion. Oui, le mot viol peut être utilisé !",1.0,False
CeQ8NqBMLZH,2022-06-01_13-41-18_UTC,@ramsaysante @leparisien @charlie_hebdo_officiel @juliebenzoni @envoyespecial @cash.investigation @cnsf_sagefemme @cngof_org @franceinfo @konbini @brutofficiel,#StopVOG #StopOmerta,92,True,2020,"Hopital Prive D'antony, Ramsay Santé, Antony (92)","Ce gynecologue a gâché mes dernières échos de grossesse, tant il était exécrable. À me faire mal pendant la consultation. Jusqu'à me laisser presque tomber dans les pommes.",1.0,False
C1_s1_2smxQ,2024-01-12_09-33-22_UTC,@ramsaysante @noustoutes_92 @hautsdeseine @leparisien @greve_feministe @coordinationfeministe @sante_engagee_solidaire @syndicatjeunesmg @liberationfr @mediapart @catherinevautrin__,#StopV0G,92,True,2015,"Hôpital Privé D'antony, Groupe Ramsay Santé (92)","Je lui ai dit deux fois: “vous me faites mal.” pas de réponse. Puis, il a marmoné : “oh ça va""",1.0,False
Ct9ecpFMIqE,2023-06-26_16-37-56_UTC,@ars_paysdelaloire @naissance.non.violente @collages_feministes_angers @ville_d_angers @onarretetoutesangers @noustoustesangers @cnsf_sagefemme,#QuandCnonCnon,49,True,2021,C.h.u. D'angers (49),"Elle à voulu me faire un curetage. Puis, par deux fois elle a cherché à m'imposer une expulsion par médicament. J'ai refusé à chaque fois. Au dernier rendez-vous, elle m'a même engueulée pour que je prenne ces médicaments que je refusais.",3.0,False
CuhJH9SMnVr,2023-07-10_13-04-16_UTC,@angersinfo @ville_d_angers @paysdelaloire @ars_paysdelaloire @parents_et_feministes @collages_feministes_angers,#NonRespectDuProjet,49,True,2020,C.h.u. D'angers (49),"Cet accouchement que j'avais préparé, à été saboté. Je voulais un accouchement naturel, on m'a charcutée, inutilement.",3.0,False
Cx-AcN3skUX,2023-10-04_07-40-33_UTC,@angersinfo @ville_d_angers @paysdelaloire @ars_paysdelaloire @parents_et_feministes @collages_feministes_angers @cliniqueanjou @noustoutesorg,#StopVOG,49,True,2017,"Clinique De L'anjou, Angers (49)","Le gynécologue me scotche le ventre, pour être sür de réussir la césarienne par le bas. Et, sans me demander mon consentement, il me prend en photo, nue, scotchée au niveau du ventre. J'ai vécu la honte de ma vie !",2.0,False
CTwSXB0sFCc,2021-09-13_08-05-56_UTC,,#StopOmerta,75,True,2020,"Hopital Tenon, Paris 20e (75)",J'ai envie de pleurer parce que je réalise que je viens d'assister à un viol et que je n'ai rien dit.,4.0,False
CTy_F-kMdUX,2021-09-14_09-15-18_UTC,@superendogirl @annehidalgo @iledefrance @maternite_tenon @anesf_sagefemme @annesouyris @prefet_idf,#StopOmerta,75,True,2021,"Hopital Tenon, Paris 20e (75)",Il disait à ses 3 accompagnants de consultation de faire chaque toucher tour à tour sans demander l'autorisation à la patiente.,4.0,False
Clqds77sDvU,2022-12-02_11-14-42_UTC,@mondoigtdanstarue @lemedia_tv @blastofficiel @aufeminin @laurenbastide @laura_calu @clitrevolution @gyneco_fem @gynandco_feministe @mediapart @aufeminin @fondationdesfemmes @femme_actuelle @mariebongars @lovetonuterus @hopitaltenon @hopitauxdeparis @isabelle_rome__ @frcsbraun @yael.braunpivet @collages_feminicides_paris @lessagesfemmesenparlent,#StopOmerta,75,True,2020,"Hopital Tenon, Paris 20e (75)",J'ai envie de pleurer parce que je réalise que je viens d'assister à un viol et que je n'ai rien dit.,4.0,False
ClyA_kfs4Gy,2022-12-05_09-37-46_UTC,@hopitauxdeparis @annehidalgo @annesouyris @frcsbraun @francois_ruffin @isabelle_rome__ @hopitaltenon @mondoigtdanstarue @lemedia_tv @lemondefr @konbini @noustoutesorg @baptistebeaulieu @sante_politique @santepubliquefrance @martin_winckler @syndicatjeunesmg @snjmg @gyneco_fem @charline.sagefemme @ordre_sages_femmes @collectifdoulasradicales,#StopOmerta,75,True,2020,"Hopital Tenon, Paris 20e (75)","Ce même type s'amuse avec les bougies anales dans les patientes endormies pour leur opération du cancer de l'ovaire avancé, en s'exclamant que certaines n'ont pas l'habitude de se faire sodomiser.",4.0,False
CL3lU0rFQZV,2021-03-01_07-55-11_UTC,@gouvernementfr @has,#StopExpressionAbdominale,59,True,2018,"Clinique Villette, Groupe Elsan, Dunkerque (59)","""les deux sages femmes s'acharnent sur mon ventre, en appuyant de toute leur force. Le gyneco dit “ha bah c'est simple, si elle ne pousse pas il meurt"" ‘.",,False
CN9eXPAlNHU,2021-04-22_07-52-35_UTC,@defenseurdesdroits @fondationdesfemmes @gouvernementfr @cnsf_sagefemme @cngof_org @iledefrance @annehidalgo,#StopAccouchementMasqué,75,True,2021,"Groupe Hospitalier Privé Diaconesses Croix Saint-simon, Paris 12 (75)",""" pendant le cours de préparation à la naissance, la sage-femme nous dit que le port de masque est obligatoire pour respecter le personnel. """,,False
CZg3k0yMJMw,2022-02-03_11-31-39_UTC,@gmail. @EliseLucet @cash.investigation @KremelinBicetre @hopitauxdeparis @cngof_org @sante.gouv @olivierveran @emmanuelmacron @MartinHirsch @elisabethmoreno_min @annehidalgo @Bandelettespérinéales,#StopVOG,94,True,2019,"Aphp, Hôpital Kremlin Bicêtre (94)","Pendant l'operation, sans mon consentement, on m'a posé une bandelette périnéale pour soutenir mes organes alors que je venais pour réparer ma cicatrice d'épisiotomie... Je souffre tellement depuis que j'envisage le suicide assisté.",,False
CasD9RDsKcO,2022-03-04_16-22-53_UTC,,#StopGrossophobie #FausseCouche,83,True,2016,Hôpital À Toulon (83),"Le gynécologue pilonne mon utérus de toutes ses forces malgré mes cris et mes demandes répétées pour qu'il arrête (..) il me fait maintenir les jambes écartées par deux personnes. Il nie ma grossesse et me dit : ""grosse comme vous êtes, vous ne risquez pas d'avoir un gosse !"" jusqu'à ce que je perde l'embryon sur la table...",,False
CiZz3JzMGFl,2022-09-12_10-27-04_UTC,@ramsaysante @antony.92160 @prefet92 @ovidieraziel @monachollet @planningfamilial @syndicatjeunesmg @albahorvat @clementineautain @cmllgrng @camille.froidevauxmetterie @martin_winckler @lahayemariehelene @aude_lorriaux @kombini @brutofficiel @noustoutesorg @violsfemmesinfos @cnsf_sagefemme @lefigarofr @juliettedelage_ @collectifcompas @ordre_sages_femmes @memysexeandilepodcast @onarretetoutes,#StopVOG #StopOmerta,92,True,2020,"Hopital Prive D'antony, Ramsay Santé, Antony (92)","Ce gynecologue a gâché mes dernières échos de grossesse, tant il était exécrable. À me faire mal pendant la consultation, jusqu'à me faire pratiquement tomber dans les pommes.",1.0,False
Cjms_hTMXC1,2022-10-12_07-08-33_UTC,@hugodecrypte @blastofficiel @mediapart @gyneco_fem @gynandco_feministe @charline.sagefemme @je.suis.une.sorciere @jemenbatsleclito @violsfemmesinfos @iledefrance @hopitauxdeparis,#ViolGynécologique,-1,True,1993,"Évry 2000, Hôpitaux Universitaires De La Pitié Salpêtrière - Aphp- Paris",Le médecin va me faire une auscultation sans me demander mon avis : vaginale puis anale sans me demander mon consentement à aucun moment. J'ai eu très très mal. C'est un viol!,,False
C11T8tVsj_H,2024-01-08_08-43-25_UTC,@mon.gyneco @ordre.national.infirmiers @collages_feminicides_paris @sante_engagee_solidaire @syndicatjeunesmg @santepubliquefrance @fondationdesfemmes @femmes__solidaires @fibrometamere @combattre_les_fibromes @assiseslcvs,#StopVOG,75,True,2023,Hôpital Saint-joseph (75) Groupe Privé À But Non Lucratif Ghpsj,"Elles continuent de sortir la sonde avant de l'enfoncer à nouveau, violemment, encore et encore. Puis, elles insèrent d'autres sondes, parce qu'elles ne sont toujours pas sûres que la sonde soit bien placée. Je ne souhaite à personne cette douleur déchirante !",,False
C2R93o-MCs_,2024-01-19_11-48-28_UTC,@ramsaysante @arsnouvelleaquitaine @lesfallopes.psa @ladeferlanterevue @ladepechedumidi @liberationfr @toulousefr @revolutionpermanente_toulouse @toulouse,#StopVOG,31,True,2023,"Clinique Croix Du Sud, Toulouse (31) Groupe Ramsay Santé","""si on devait prendre au sérieux toutes les douleurs des femmes, on les opérerait toutes !""",,False
Cij9hBmMQ2s,2022-09-16_09-03-49_UTC,@ramsaysante @brutofficiel @konbini @clementineautain @cngof_org @cnsf_sagefemme @ordre_sages_femmes @charline.sagefemme @charlie_hebdo_officiel @antony.92160 @prefet92,#StopVOG #StopOmerta,92,True,2021,"Hopital Prive D'antony, Ramsay Santé, Antony (92)","Le gynéco se met derrière la sage- femme qui est en train de m'ausculter et dit mot pour mot : ""le terrain est pourri, pourri."". Je suis choquée. Je pense avoir mal entendu, mais la sage-femme semble aussi choquée que moi. Elle ne dit rien.",1.0,False
CNJ1TOGF3o6,2021-04-02_06-32-30_UTC,,#StopCésarienneaVif,72,True,2019,"Centre Hospitalier, Le Mans (72)","“ je regarde l'anesthésiste en répétant en boucle : je sens! je sens! je sens les piqüres! il m'envoie bouler en me répondant sur un ton désagréable et sec au possible ""oui bah c'est normal de sentir!"". Il fait signe au gynéco d'ouvrir. Je pousse un cri d'outre-tombe. """,5.0,False
Co9ZeOQNM73,2023-02-22_09-17-29_UTC,@antennereunion @kreolfm @journal_de_lendometriose @reunionla1ere @chu_reunion_ @segomkunde @france24 @valerie_filain @rfi @faroukdargai @nathalie_sultan,#JamaisSansMonConsentement,97,True,2016,"Chu De Saint-denis, La Réunion (97)","""bonne nouvelle, vous avez toujours vos ovaires ! j'ai retiré l'utérus ! bonne journée !"" je n'ai plus d'utérus. Sans raison, ni urgence vitale. Je ne pourrai jamais plus avoir d'enfant. En un instant, ma vie m'a échappé.",6.0,False
C2rU2-ts8p0,2024-01-29_08-10-22_UTC,@region_hautsdefrance @ars_hautsdefrance @sante_engagee_solidaire @ordre_sages_femmes @pma_emoi @noustoutesorg @santepubliquefrance @catherinevautrin__,#RasLeViolGynéco,-1,True,2023,Hauts-de-france,"Je suis medecin. J'ai subi plusieurs fois des vog. Jamais on ne m'a demandé mon consentement pour les échos, les touchers vaginaux, etc... J'ai comparé ça à un viol répété.",,
